{
    "XYZ": [6.867480713442416, 5.382120176973901, 4.003459213501394],
    "BOX": 28
}
